-- phpMyAdmin SQL Dump
-- version 4.6.6deb5
-- https://www.phpmyadmin.net/
--
-- Хост: localhost:3306
-- Час створення: Лип 15 2020 р., 12:01
-- Версія сервера: 5.7.30-0ubuntu0.18.04.1
-- Версія PHP: 7.2.24-0ubuntu0.18.04.6

SET SQL_MODE = "NO_AUTO_VALUE_ON_ZERO";
SET time_zone = "+00:00";


/*!40101 SET @OLD_CHARACTER_SET_CLIENT=@@CHARACTER_SET_CLIENT */;
/*!40101 SET @OLD_CHARACTER_SET_RESULTS=@@CHARACTER_SET_RESULTS */;
/*!40101 SET @OLD_COLLATION_CONNECTION=@@COLLATION_CONNECTION */;
/*!40101 SET NAMES utf8mb4 */;

--
-- База даних: `cookbook`
--

-- --------------------------------------------------------

--
-- Структура таблиці `authors`
--

CREATE TABLE `authors` (
  `author_id` int(11) NOT NULL,
  `author_name` varchar(256) CHARACTER SET utf8 NOT NULL,
  `phone` varchar(20) CHARACTER SET utf8 NOT NULL,
  `email` varchar(256) CHARACTER SET utf8 NOT NULL
) ENGINE=InnoDB DEFAULT CHARSET=utf8 COLLATE=utf8_unicode_ci;

--
-- Дамп даних таблиці `authors`
--

INSERT INTO `authors` (`author_id`, `author_name`, `phone`, `email`) VALUES
(1, 'Гордон Рамзі', '+380951488228', 'ramzi@gmail.com'),
(2, 'Ален Дюкасс', '+380665544330', 'ducass@gmail.com'),
(3, 'Джейми Оливер', '+380501488228', 'oliver@gmail.com'),
(4, 'Поль Бокюз', '+380661345330', 'bokuz@gmail.com'),
(5, 'Нобуюки Нобу Мацухиса', '+380501483256', 'matcuhisa@gmail.com');

-- --------------------------------------------------------

--
-- Структура таблиці `categories`
--

CREATE TABLE `categories` (
  `category_id` int(11) NOT NULL,
  `category_title` varchar(256) CHARACTER SET utf8 NOT NULL
) ENGINE=InnoDB DEFAULT CHARSET=utf8 COLLATE=utf8_unicode_ci;

--
-- Дамп даних таблиці `categories`
--

INSERT INTO `categories` (`category_id`, `category_title`) VALUES
(1, 'Закуски'),
(2, 'Салати'),
(3, 'Перші страви'),
(4, 'Другі страви'),
(5, 'Гарніри'),
(6, 'Десерти'),
(7, 'Напої');

-- --------------------------------------------------------

--
-- Структура таблиці `comments`
--

CREATE TABLE `comments` (
  `id` int(3) NOT NULL,
  `username` varchar(256) CHARACTER SET utf8 NOT NULL,
  `text` text CHARACTER SET utf8 NOT NULL,
  `recipe_id` int(3) NOT NULL
) ENGINE=InnoDB DEFAULT CHARSET=utf8 COLLATE=utf8_unicode_ci;

-- --------------------------------------------------------

--
-- Структура таблиці `images`
--

CREATE TABLE `images` (
  `img_id` int(11) NOT NULL,
  `url` varchar(256) CHARACTER SET utf8 NOT NULL,
  `recipe_id` int(11) NOT NULL
) ENGINE=InnoDB DEFAULT CHARSET=utf8 COLLATE=utf8_unicode_ci;

--
-- Дамп даних таблиці `images`
--

INSERT INTO `images` (`img_id`, `url`, `recipe_id`) VALUES
(1, '/img/borsh1.jpg', 8),
(2, '/img/caeser1.jpg', 11),
(3, '/img/cheesecake1.jpg', 16),
(5, '/img/smoothie1.webp', 15),
(6, '/img/steak1.webp', 10),
(7, '/img/wine1.webp', 12),
(8, '/img/icecream1.webp', 14),
(9, '/img/pasta1.webp', 7),
(10, '/img/sandwich1.webp', 4),
(11, '/img/saladMain.webp', 5),
(12, '/img/potato1.webp', 9),
(13, '/img/mehico1.webp', 6),
(14, '/img/soup1.webp', 3),
(15, '/img/liqueur1.webp', 13),
(16, '/img/soup2.webp', 3),
(17, '/img/soup3.webp', 3),
(18, '/img/soup4.webp', 3),
(19, '/img/soupMain.webp', 3),
(20, '/img/borsh2.jpg', 8),
(21, '/img/borshMain.webp', 8),
(22, '/img/caeser2.jpg', 11),
(23, '/img/caeserMain.webp', 11),
(24, '/img/cheesecake2.jpg', 16),
(25, '/img/cheesecakeMain.webp', 16),
(26, '/img/icecream2.webp', 14),
(27, '/img/icecreamMain.webp', 14),
(28, '/img/liqueurMain.webp', 13),
(29, '/img/mehico2.webp', 6),
(30, '/img/mehicoMain.webp', 6),
(31, '/img/wine2.webp', 12),
(32, '/img/wineMain.webp', 12),
(33, '/img/pastaMain.webp', 7),
(34, '/img/potato2.webp', 9),
(35, '/img/potatoMain.webp', 9),
(36, '/img/sandwichMain.webp', 4),
(37, '/img/smoothie2.webp', 15),
(38, '/img/smoothieMain.webp', 15),
(39, '/img/steak2.webp', 10),
(40, '/img/steakMain.webp', 10),
(41, '/img/dumplings1.webp', 17),
(42, '/img/dumplings2.webp', 17),
(43, '/img/dumplingsMain.webp', 17);

-- --------------------------------------------------------

--
-- Структура таблиці `recipes`
--

CREATE TABLE `recipes` (
  `id` int(11) NOT NULL,
  `title` varchar(256) NOT NULL,
  `ingredients` text NOT NULL,
  `content` text NOT NULL,
  `views` int(11) NOT NULL,
  `category_id` int(11) NOT NULL,
  `author_id` int(11) NOT NULL
) ENGINE=InnoDB DEFAULT CHARSET=utf8;

--
-- Дамп даних таблиці `recipes`
--

INSERT INTO `recipes` (`id`, `title`, `ingredients`, `content`, `views`, `category_id`, `author_id`) VALUES
(3, 'Курячий суп з грибами і вермішеллю', 'Інгредієнти на 4-5 порцій:\r\nКурка (будь-які її частини) 350 г\r\nКартопля 2 шт.\r\nПечериці або гливи 200 г\r\nВермішель (тонка павутинка) 50 г\r\nЦибуля ріпчаста 1 шт.\r\nМорква 1 шт.\r\nПерець болгарський (можна заморожений) 0,5 шт.\r\nСіль, лавровий лист, спеції і зелень - все за бажанням і за смаком\r\nВода 2-2,5 л\r\nОливкова олія або інша для овочевої зажарки', '1. Я варю супи на другому бульйоні. Якщо ви цього не дотримуєтеся, просто залийте м\'ясо холодною водою (у мене курка заздалегідь обробити на шматочки), поставте на плиту і нехай закипає. Якщо під час варіння бульйону утворюється піна - зніміть її.\r\nПереходьте відразу до другого кроку приготування, якщо не робите другий бульйон.\r\n2. Почистити всі овочі. Цибулю нарізати дрібною крихтою і викласти на розігріту сковороду з олією. Натерти моркву і відправити до цибулі, перемішати. Потім викласти нарізаний дрібно болгарський перець і все разом, помішуючи, обсмажити приблизно 4-5 хвилин. Овочева зажарка для супу готова.\r\n3. Нарізати картоплю кубиками середнього розміру і, після закипання води з куркою, відправити картоплю в бульйон.\r\n4. Поки вариться картопля, підготуємо гриби - якщо використовуєте печериці, потрібно обрізати темні місця, ретельно помити і за бажанням почистити їх (це не обов\'язково), після чого нарізати великими або дрібними шматочками і обсмажити їх на сковороді хвилин 5 з додаванням невеликої кількості рослинної олії. Гриби для супу готові.\r\n5. Коли картопля практично готова (вона має бути м\'якою), додаємо в бульйон вермішель павутинку, а також висипаємо сюди овочеву зажарку і обсмажені гриби. Даємо покипіти ще пару хвилин, додаємо лавровий лист і спеції (у мене чорний мелений перець і прованські трави), зелень за смаком і вимикаємо. Накрити кришкою і дати постояти готовому супу 10-15 хвилин.\r\n', 1, 3, 1),
(4, 'Сендвіч бутерброд із сьомгою і овочами', 'Інгдедіенти на 1 сендвіч з сьомгою:\r\nХліб тостовий (або широкий батон) 2 скибочки\r\nСьомга 3-4 шматочки\r\nПомідор 0,5 шт.\r\nОгірок 0,5 шт.\r\nЛистя салату 1-2 шт.', '1. Підготувати хліб і всі інгредієнти, які будемо класти в начинку: наріжемо тонкими скибочками помідор, огірок і сьомгу. Якщо потрібно - наріжте салат великими шматочками, або можна використовувати його у вигляді цілого листя.\r\n2. Покласти на одну зі скибочок хліба помідор, огірок, зверху сьомгу, потім листя салату. Накрити зверху другою скибочкою хліба.', 0, 1, 2),
(5, 'Салат з помідорами і руколою', 'Інгредієнти:\r\nПомідор крупний 1 шт.\r\nПерець болгарський 1 шт.\r\nРукола 1 пучок\r\nСіль, прованські трави, базилік - за смаком\r\nОливкова олія\r\nЧасник - за бажанням 1 зубчик', '1. Рукколу, перець і помідор промити і просушити.\r\n\r\n2. Перець очистити від насіння і нарізати соломкою. Помідори нарізати великим Купік або скибочками, видаливши попередньо грубу частину.\r\n\r\n3. Скласти овочі в салатник, перемішати. Додати руколу, знову перемішати. Додати сіль, спеції, оливкову олію за смаком, перемішати і можна подавати. У цей салат можна також додати подрібнений зубчик часнику, це за бажанням.', 0, 2, 2),
(6, 'Мексиканська суміш з червоною рибою', 'Інгредієнти на 2 порції:\r\nЧервона або інша свіжа риба 100 г\r\nМексиканська суміш 300 г\r\nЗаморожені томати (за бажанням) 30 г\r\nСіль та спеції за смаком\r\nРослинна олія 1-2 ст. л.', '1. Ставимо на вогонь сковороду і наливаємо рослинну олію (я люблю оливкову).\r\n2. Нарізати шматочками червону рибу. Можна використовувати і будь-яку іншу рибу.\r\nМи тримали сувору дієту без солі, тому використовували саме червону рибу - ця риба поживна і має приємний смак, якщо готувати її без солі. Якщо готувати хека - він пріснуватий на смак, але якщо зі спеціями і приправами, то відмінно сюди підійде і хек, і минтай, і товстолобик.\r\n3. Викладаємо на сковороду заморожену мексиканську суміш і рибу.\r\n4. Можна додати заморожені помідори і ще додати спаржу або будь-які інші овочі - це все за бажанням, можна нічого не додавати. Наливаємо трохи теплої води, накриваємо кришкою і тушкуємо все 5-7 хвилин, періодично помішуючи.\r\n\r\nВ кінці додати сіль, спеції за смаком. Я додаю хмелі-сунелі, паприку, сушений часник.', 0, 4, 5),
(7, 'Морепродукти в вершковому соусі', 'Інгредієнти:\r\nЗаморожений морський коктейль (або креветки) 400 г\r\nВершки (у мене 20% жирність) 100 мл\r\nабо сметана 3 ст.л.\r\nЧасник 2 зубчики\r\nОливкова олія 3 ст.л.\r\nБазилік свіжий або сушений\r\nСуміш прованських трав', '1. Морепродукти промити теплою водою 2-3 рази, виклавши їх на друшляк - робимо це для позбавлення від зайвого льоду.\r\n2. Налити на сковороду оливкову олію, можна до неї додати шматочок вершкового масла, викласти в масло, що нагрівається, пару очищених зубчиків часнику (попередньо злегка придавити часник ножем або розрізати на кілька великих шматочків, щоб він пустив сік), обсмажити цей часник в олії півхвилини, після чого його потрібно відразу прибрати. Часник віддав свій аромат маслу і, таким чином, у нас готове часникове масло.\r\n3. У масло викладаємо морепродукти, сюди ж додати вершки (або сметану, злегка розведену водою) і всі спеції, сіль, протушкувати після закипання не більш 2-3 хвилин і вимкнути, накрити кришкою і дати настоятися. Морепродукти довго не потрібно тушкувати, щоб вони вийшли не \"резиновими\", а ніжними, тому кілька хвилин їх прогріти достатньо.\r\n4. Рекомендую морепродукти в вершковому соусі подавати разом зі спагетті (пастою) або з рисом, а також зі свіжими овочами. Можна готову пасту додати до морепродуктів - отримаємо пасту з морепродуктами.', 0, 4, 3),
(8, 'Борщ український', 'Для приготування борщу знадобляться такі інгредієнти:\r\n \r\n3 л води\r\n300 - 400 г м\'яса (свинина або яловичина, або свинячі реберця) або птиці\r\n2-3 середніх картоплини\r\n150 г капусти\r\n150 г буряка\r\n100 г моркви\r\n2 середні цибулини\r\n750 мл томатного соку (або 2 ст. л. томатної пасти розвести водою)\r\n2 лаврові листки\r\nСіль і перець\r\nрослинна олія', '1. М\'ясо промити, нарізати шматочками, залити холодною водою і варити 2-2,5 години, якщо це свинина або яловичина. Якщо птиця, то варити за часом менше - 1-1,5 години.\r\n2. Поки бульйон звариться, зробимо заправку для борщу. Для цього буряк окремо припустити, цибулю з морквою - окремо протушкувати.\r\n\r\nЦибулю дрібно нарізати, моркву натерти. На розігріту сковороду налити рослинного масла або покласти шматочок жиру, висипати цибулю і моркву, трохи обсмажити. Потім додати до овочів томатний сік або морс, або розвести томатну пасту водою. Тушкувати на невеликому вогні 15- 20 хвилин\r\n3. Буряк нарізати соломкою або брусочками. Для економії часу можна і натерти на тертку, але правильно буде саме нарізати. Висипати на розігріту сковороду з рослинним маслом, трохи обсмажити. Потім додати невелику кількість води і припустити (протушкувати) 20 хвилин. І тут один момент: якщо хочете, щоб буряк не втратила свій колір в процесі, додайте трохи оцту. Але оцет можна і не додавати - тоді колір борщу виходить більш насиченим.\r\n4. Почистити картоплю і нарізати кубиками або брусочками.\r\n5. Коли бульйон буде готовий - закладаємо в нього картоплю. Час варіння залежить від розміру нарізаної картоплі і від його сорту, в середньому 15 хвилин.\r\n\r\n6. Капусту нашаткувати соломкою і, коли картопля майже зварилася, закладаємо в бульйон. Проварити 3-4 хвилини.\r\n7. Після чого висипаємо нашу заправку - протушені цибулю з морквою і томатом, а також буряк в бульйон з овочами. Посолити, поперчити. Додати лавровий лист, можна додати зелень. І вимкнути. Дати трохи настоятися.', 1, 3, 1),
(9, 'Картопля по-селянськи в духовці', 'Інгредієнти:\r\nКартопля\r\nСіль за смаком\r\nСпеції за смаком\r\nРослинна олія (оливкова або соняшникова)', '1. Картоплю почистити, промити і просушити паперовими рушниками або звичайним рушником.\r\n2. Нарізати великими шматочками однакового розміру.\r\n3. Скласти в форму для запікання, у мене скляна форма. Або викласти на деко, якщо плануєте запікати картоплю по-селянськи на велику компанію.\r\n4. Посипати сіллю і спеціями, мені дуже подобається використовувати для запікання картоплі паприку, хмелі-сунелі і сушений часник. Якщо ви любите інші приправи і спеції, експериментуйте і використовуйте їх.\r\n\r\nМожна також використовувати спеціальну приправу \"Для картоплі\".\r\n5. Полити оливковою олією. Якщо не любите оливкову, використовуйте соняшникову. Добре перемішати руками картоплю зі спеціями та олією.\r\n6. Відправити в розігріту до 220 градусів духовку приблизно на 30 хвилин і запікати до готовності. Кришкою накривати не потрібно. Запікати в режимі без використання конвекції, у мене режим \"верх-низ\". За 10 хвилин до готовності можна зменшити температуру до 190-200 градусів і включити конвекцію, щоб картопля вийшла з апетитною золотистою скоринкою зверху. Вимкнути і залишити в духовці ще на деякий час, щоб страва \"дійшла\".\r\nПодавайте картоплю по-селянськи з нарізаною зеленню, овочевими салатами або як гарнір до інших страв. Смачного!', 4, 5, 4),
(10, 'Стейки з індички на сковороді гриль', 'Що знадобиться для приготування стейків з індички:\r\nФіле індички\r\nСіль\r\nПерець чорний свіжозмелений\r\nПаприка\r\nСуміш сушених прованських трав\r\nЧасник\r\nОливкова олія', '1. М\'ясо промити і просушити, нарізати пластами поперек волокон товщиною не менше 1,5 см.\r\n2. Посипаємо і натираємо з двох сторін сіллю, перцем чорним меленим, паприкою і сумішшю прованських трав.\r\n3. Подрібнити за допомогою часникодавки кілька зубчиків часнику і розподіляємо його по стейкам.\r\n4. Змащуємо кожен шматочок оливковою олією, складаємо в миску і залишаємо мінімум на годину, а якщо довше - ще краще, промаринуватися при кімнатній температурі. Можна замаринувати на ніч і залишити в холодильнику.\r\n5. Викладаємо стейки на добре розігріту сковороду гриль і смажимо до готовності. Саму сковороду можна також трохи змастити оливковою олією, зовсім небагато. Час смаження залежить від товщини нарізаних стейків і самої сковороди. Наприклад, я використовую чавунну сковороду гриль, яка може сильно розігріватися і м\'ясо на ній готується дуже швидко, тому стейки я смажу з двох сторін приблизно 10 хвилин і в самому кінці накриваю кришкою, щоб стейки дійшли до готовності. Якщо у вас сковорода з алюмінію з антипригарним покриттям - можливо, на приготування стейків знадобиться трохи більше часу.\r\nотові стейки рекомендую подавати, поки вони не охололи. Стейки з індички найкраще доповнить овочевий салат і зелень. ', 0, 4, 4),
(11, 'Салат Цезар', 'Для приготування потрібні інгредієнти:\r\nСалат «Ромен» або звичайний листовий - 1 середній пучок\r\nЯйце -2 шт.\r\nКурка - 250 - 300 г\r\nПоловинка батона білого хліба\r\nЧасник - 3 зубчики\r\nТертий сир пармезан - 40-50 г\r\nСік лимона - 2 ст. л.\r\nОцет - 1 ч.л.\r\nОливкова олія 5 ст.л.\r\nГірчиця (2 ч.л.)\r\nсіль, перець', '1. 1 зубчик часнику дрібно нарізати або пропустити через чеснокодавку.\r\n \r\n2. Зробимо суміш, яка буде потрібна для сухариків. Для цього перемішати 5 ст. ложок оливкової олії і подрібнений часник і залишити (нехай настоїться) на півгодини.\r\n \r\n3. Зробити соус: жовтки ретельно розтерти з гірчицею, додати видавлений часник і перемішати. Потім додати сік лимона, оцет, оливкову олію. Ретельно перемішати.\r\n Залишити на деякий час, щоб соус настоявся. Краще поставити його в холодильник.\r\n \r\n4. Тепер приготуємо сухарики. Для цього хліб нарізати кубиками. Краще брати злегка підсушений або вчорашній хліб.\r\n \r\n5. Обсмажити хлібні кубики на маслі з часником до появи золотистої скоринки, на добре розігрітій сковороді, постійно помішуючи.\r\n \r\n6. Курку порізати на шматочки, краще кубиком, посолити, поперчити і обсмажити.\r\n \r\n7. Сир пармезан натерти на крупну тертку.\r\n \r\n8. Промиті і просушені листя салату порвати і викласти на дно тарілки.\r\n \r\n9. На салат викласти готові сухарики і курку, заправити соусом (можна не перемішувати) і посипати зверху сиром.\r\n \r\n\r\nСалат Цезар краще подавати на стіл відразу, щоб сухарики НЕ розм\'якли і щоб він не втратив свій первинний смак і аромат!', 3, 1, 4),
(12, 'Вишнева наливка', 'Інгредієнти:\r\nВишня 1 кг\r\nЦукор 300-400 г\r\nВодка 0,5 л', '1. Промиту, очищену від плодоніжок вишню з кісточками висипаємо в трилітрову банку і засипаємо цукром. Мені зручніше робити це пошарово - насипаю частину вишні, потім частину цукру, потім знову вишню і т.д.\r\n2. Заливаємо горілкою вишні з цукром. Цукор, який в нерозчиненому вигляді залишається на дні, відразу не розчиниться і це нормально - він з часом все одно розчиниться в процесі настоювання.\r\n3. Закриваємо нашу горілчано-вишневу суміш кришкою, трохи перемішуємо, струшуючи банку і залишаємо в темному місці при кімнатній температурі приблизно на 2 місяці. Періодично, раз в 2-3 дні, збовтувати вміст банки.\r\n4. Через пару місяців напій стане насиченим за кольором і на смак, цукор розчиниться, тепер можна процідити вишню від настойки через друшляк або через марлю, складену вдвічі. Настоянку закриваємо кришкою і ставимо в холодильник або в інше прохолодне темне місце. А проспиртовану вишню, якщо хочете, можна використовувати для приготування цукерок або випічки.', 0, 7, 1),
(13, 'Полуничний лікер', 'Інгредієнти для приготування полуничного лікеру:\r\nПолуниця 2 кг\r\nГорілка 1 л\r\nЦукор 1 кг\r\nВода 1 л', '1. Полуницю перебрати, видалити хвостики, промити кілька разів і просушити\r\n2. Висипати полуницю в 3-х літрову банку і залити горілкою. Залишити на 3-4 дні.\r\n3. Через 4 дні ягоди відкинути на друшляк, горілку злити поки в окремий посуд.\r\n4. Закип\'ятити воду, додати в неї цукор і зварити цукровий сироп. Висипати полуницю, проварити в цьому сиропі 8-10 хвилин.\r\n5. Сироп остудити і процідити, відкинувши полуницю на друшляк. Розім\'яти полуницю товкачем в друшляку в пюре і процідити добре сік, що залишився, після чого ягоди викинути.\r\n6. З\'єднати сироп з горілкою, вилити в трилітрову банку і залишити настоюватися, як мінімум, 2-3 тижні, а ще краще - кілька місяців. Чим довше настоюється лікер - тим краще і насиченішим стає його смак.\r\n7. Процідити настоявшийся лікер через дрібне сито або марлю, після чого розлити по пляшках.\r\n', 2, 7, 3),
(14, 'Домашнє морозиво з двох інгредієнтів', 'Інгредієнти для приготування домашнього морозива:\r\nЗгущене молоко 150 мл\r\nВершки (у мене 20% жирність) 200 мл', '1. Підготуємо вершки і згущене молоко.\r\n2. Змішаємо ці два інгредієнти в мисці, за бажанням вершки можна попередньо злегка збити, але не обов\'язково.\r\n3. Ставимо в морозилку до повного застигання, приблизно на 3-4 години. Наше морозиво готово!\r\n\r\nСмачного!', 5, 6, 3),
(15, 'Смузі з бананом', 'Інгредієнти для приготування смузі з банана і кефіру на 2 порції:\r\nБанан 1 шт.\r\nКефір 250 мл\r\nЦукор або мед за смаком', '1. Банан нарізати або поламати на шматочки, додати до кефіру, додати сюди ж цукор або мед.\r\n2. Все разом збивати протягом декількох хвилин в блендері.\r\nНапій готовий! Можете насолоджуватися!', 29, 6, 2),
(16, 'Чізкейк в мультиварці', 'Інгредієнти:\r\n\r\nВівсяне печиво 300 г\r\nСир «Філадельфія» або інший вершковий сир 650 г\r\nМасло вершкове 160 г + для змащування форми\r\nПудра цукрова 100 г\r\nЯйця 3 шт.\r\nВершки (не менше 20% жирності)\r\nВанілін або ванільний цукор', '1. Зробити основу для чізкейку. Для цього печиво вівсяне необхідно ретельно подрібнити за допомогою блендера. Перекласти в миску.\r\n \r\n2. Вершкове масло розтопити і перемішати з подрібненим печивом.\r\n \r\n3. Сир «Філадельфія» і цукрову пудру збити міксером до однорідного стану протягом декількох хвилин.\r\n \r\n4. У збитий сир додати поступово яйця, потім вершки і ванілін або ванільний цукор. Всі разом ще раз збити.\r\n \r\n5. Вершковим розм\'якшеним маслом змастити дно і стінки форми. Вирізати широкі смужки зі звичайного паперу і укласти їх у змащену форму хрест на хрест - так, щоб їх краї виходили за кришку мультиварки.\r\n \r\n6. У форму мультиварки викласти подрібнене печиво з вершковим маслом і щільно утрамбувати (я це роблю за допомогою дна склянки), сформувати бортики по 2-3 см.\r\n \r\n7. Викласти зверху підготовлену начинку.\r\n \r\n8. Кришку мульіваркі закрити і включити режим «випічка». Час випічки приблизно 50 хвилин.\r\n \r\n9. По закінченні часу мультиварку не відкривати відразу, а залишити на 15-20 хвилин на режимі «підігрів». Після чого кришку відкрити і дати чізкейку охолонути у формі.\r\n \r\n10. Дістати чізкейк з форми, тримаючи за смужки і перекласти на блюдо. Накрити і помістити в холодильник на кілька годин до застигання.\r\nГотовий чізкейк при подачі прикрашайте тертим шоколадом або фруктами, можна також полити сиропом або варенням. Смачного!', 22, 6, 5),
(17, 'Пельмені', 'Інгредієнти для начинки:\r\nМ\'ясо або готового м\'ясний фарш (свинина + яловичина) 800 г.\r\nРіпчаста цибуля 2-3 шт.\r\nСіль, перець чорний мелений - за смаком\r\nІнгредієнти для тіста:\r\nВода 1 склянка\r\nБорошно 3 склянки\r\nСіль 1 ч.л.', 'Приготування пельменів домашніх можна розділити на 4 етапи.\r\n\r\n1 етап - приготування тіста для домашніх пельменів\r\nХоча зараз існує не один і не два способи приготування тіста для домашніх пельменів, я зупинилася саме на прісному тісті, де використовується тільки борошно і вода, та сіль, нічого зайвого. Іноді, крім зазначених інгредієнтів, можу додати в тісто і 1 яйце, але через нього в процесі варіння тісто збільшується в об\'ємі і пельмені виходять трохи безформні і великі. Отже, приступаємо до приготування прісного тіста для пельменів.\r\n\r\n1. Борошно просіяти і висипати в глибоку миску, зверху зробити поглиблення, всипати сіль і влити воду. Вода повинна бути теплою, не холодною.\r\n2. Поступово вмішуючи борошно, спочатку за допомогою ложки, а потім руками, замісити м\'яке і еластичне тісто, яке не повинно розпливатися і прилипати до рук.\r\nТісто має вийти добре замішаним, але і перестаратися з замісом не потрібно, щоб з ним не було важко працювати. Муки може знадобитися трохи більше або менше, ніж зазначено - це залежить від якості та вмісту клейковини в ній.\r\n\r\nГотове тісто обов\'язково треба накрити целофановим пакетом, щоб не завітрилося, і залишити «відпочивати» на 30-40 хвилин. Для чого це потрібно? Тісто стане більш еластичним і з ним буде ще легше працювати. А в цей час можна приготувати фарш для пельменів.\r\n\r\n2 етап - приготування фаршу для домашніх пельменів\r\nДля пельменів можна використовувати практично будь-яке м\'ясо, я використовувала свинячо-яловичий фарш. Дуже смачні пельмені також з індички або курки. Можна відразу використовувати готовий м\'ясний фарш. Якщо використовується м\'ясо, його потрібно промити, очистити від плівок і разом з цибулею перекрутити у фарш. Цибулю можна додавати у фарш і дрібно нарізану. Фарш потрібно посолити і поперчити, добре вимішати руками і додати приблизно 100 мл води, знову вимішати.\r\n3 етап - ліплення пельменів\r\n1. Розрізати тісто на парну кількість шматочків, тонко (товщиною 1-2 мм) розкачати качалкою один з цих шматочків в коло, трохи більший за діаметром, ніж пельменниця і укласти його на форму, яку попередньо обов\'язково потрібно посипати борошном (щоб потім можна було простіше витягти з неї пельмені).\r\n2. Потім в поглиблення покласти фарш і накрити другим таким же колом тесту.3. Прокатати качалкою зверху - спочатку обережно, потім сильніше. Пельмені готові, можна їх витягти з форми і скласти на присипану борошном дошку або блюдо.\r\n4 етап - зварити або заморозити\r\nПельменів виходить досить багато, тому, якщо Ви не покликали до себе в гості велику компанію, частину їх можна просто заморозити. Для цього поставити їх прямо на обробній дошці або блюді, щоб вони не стикалися між собою і не злиплися, в морозилку хвилин на 20. Після того, як вони затвердіють, їх можна скласти в целофанові пакети і заморозити.\r\n\r\nЯк зварити пельмені? Для цього закладаємо їх у киплячу і добре підсолену воду, додаємо лавровий листок (це не обов\'язково, але ароматну нотку страві додасть) і варимо 5-7 хвилин на середньому вогні, час варіння залежить від розміру пельменів.Готові пельмені дістати шумівкою або відкинути їх на друшляк, викласти в тарілку і заправити вершковим маслом або сметаною.\r\n\r\nЩе можна їх приправити чорним меленим перцем і скропити оцтом, а комусь подобаються пельмені з кетчупом!\r\n\r\nТепер Ви знаєте, як приготувати домашні пельмені. Успіхів на кухні і смачного!', 14, 4, 5);

-- --------------------------------------------------------

--
-- Структура таблиці `users`
--

CREATE TABLE `users` (
  `id` int(3) NOT NULL,
  `name` varchar(256) CHARACTER SET utf8 NOT NULL,
  `email` varchar(256) CHARACTER SET utf8 NOT NULL,
  `phone` varchar(13) CHARACTER SET utf8 NOT NULL,
  `password` varchar(100) CHARACTER SET utf8 NOT NULL
) ENGINE=InnoDB DEFAULT CHARSET=utf8 COLLATE=utf8_unicode_ci;

-- --------------------------------------------------------

--
-- Структура таблиці `wish_list`
--

CREATE TABLE `wish_list` (
  `user_id` int(3) NOT NULL,
  `recipe_id` int(3) NOT NULL
) ENGINE=InnoDB DEFAULT CHARSET=utf8 COLLATE=utf8_unicode_ci;

--
-- Індекси збережених таблиць
--

--
-- Індекси таблиці `authors`
--
ALTER TABLE `authors`
  ADD PRIMARY KEY (`author_id`);

--
-- Індекси таблиці `categories`
--
ALTER TABLE `categories`
  ADD PRIMARY KEY (`category_id`);

--
-- Індекси таблиці `comments`
--
ALTER TABLE `comments`
  ADD PRIMARY KEY (`id`),
  ADD KEY `comment_key` (`recipe_id`);

--
-- Індекси таблиці `images`
--
ALTER TABLE `images`
  ADD PRIMARY KEY (`img_id`),
  ADD KEY `image_key` (`recipe_id`);

--
-- Індекси таблиці `recipes`
--
ALTER TABLE `recipes`
  ADD PRIMARY KEY (`id`),
  ADD KEY `author_key` (`author_id`),
  ADD KEY `category_key` (`category_id`);

--
-- Індекси таблиці `users`
--
ALTER TABLE `users`
  ADD PRIMARY KEY (`id`);

--
-- Індекси таблиці `wish_list`
--
ALTER TABLE `wish_list`
  ADD KEY `user_key` (`user_id`),
  ADD KEY `recipe_key` (`recipe_id`);

--
-- AUTO_INCREMENT для збережених таблиць
--

--
-- AUTO_INCREMENT для таблиці `authors`
--
ALTER TABLE `authors`
  MODIFY `author_id` int(11) NOT NULL AUTO_INCREMENT, AUTO_INCREMENT=6;
--
-- AUTO_INCREMENT для таблиці `categories`
--
ALTER TABLE `categories`
  MODIFY `category_id` int(11) NOT NULL AUTO_INCREMENT, AUTO_INCREMENT=8;
--
-- AUTO_INCREMENT для таблиці `comments`
--
ALTER TABLE `comments`
  MODIFY `id` int(3) NOT NULL AUTO_INCREMENT;
--
-- AUTO_INCREMENT для таблиці `images`
--
ALTER TABLE `images`
  MODIFY `img_id` int(11) NOT NULL AUTO_INCREMENT, AUTO_INCREMENT=44;
--
-- AUTO_INCREMENT для таблиці `recipes`
--
ALTER TABLE `recipes`
  MODIFY `id` int(11) NOT NULL AUTO_INCREMENT, AUTO_INCREMENT=18;
--
-- AUTO_INCREMENT для таблиці `users`
--
ALTER TABLE `users`
  MODIFY `id` int(3) NOT NULL AUTO_INCREMENT;
--
-- Обмеження зовнішнього ключа збережених таблиць
--

--
-- Обмеження зовнішнього ключа таблиці `comments`
--
ALTER TABLE `comments`
  ADD CONSTRAINT `comment_key` FOREIGN KEY (`recipe_id`) REFERENCES `recipes` (`id`);

--
-- Обмеження зовнішнього ключа таблиці `images`
--
ALTER TABLE `images`
  ADD CONSTRAINT `image_key` FOREIGN KEY (`recipe_id`) REFERENCES `recipes` (`id`);

--
-- Обмеження зовнішнього ключа таблиці `recipes`
--
ALTER TABLE `recipes`
  ADD CONSTRAINT `author_key` FOREIGN KEY (`author_id`) REFERENCES `authors` (`author_id`),
  ADD CONSTRAINT `category_key` FOREIGN KEY (`category_id`) REFERENCES `categories` (`category_id`);

--
-- Обмеження зовнішнього ключа таблиці `wish_list`
--
ALTER TABLE `wish_list`
  ADD CONSTRAINT `recipe_key` FOREIGN KEY (`recipe_id`) REFERENCES `recipes` (`id`),
  ADD CONSTRAINT `user_key` FOREIGN KEY (`user_id`) REFERENCES `users` (`id`);

/*!40101 SET CHARACTER_SET_CLIENT=@OLD_CHARACTER_SET_CLIENT */;
/*!40101 SET CHARACTER_SET_RESULTS=@OLD_CHARACTER_SET_RESULTS */;
/*!40101 SET COLLATION_CONNECTION=@OLD_COLLATION_CONNECTION */;
